date,open,high,low,close,volume,ticker,avg_sentiment,num_articles,sentiment_ma3,sentiment_lag1,log_article_count,sentiment_volatility,sentiment_close_corr
2023-05-10,173.02,174.03,171.9,173.555,53724501,AAPL,0.0,0.0,,,0.0,,
2023-05-11,173.85,174.59,172.17,173.75,49514676,AAPL,0.0,0.0,,0.0,0.0,,
2023-05-12,173.62,174.06,171.0,172.57,45533138,AAPL,0.0,0.0,0.0,0.0,0.0,,
2023-05-15,173.16,173.21,171.47,172.07,37266659,AAPL,0.0,0.0,0.0,0.0,0.0,,
2023-05-16,171.99,173.1383,171.7991,172.07,42110293,AAPL,0.0,0.0,0.0,0.0,0.0,,
2023-05-17,171.71,172.925,170.4201,172.69,57951604,AAPL,0.0,0.0,0.0,0.0,0.0,,
2023-05-18,173.0,175.24,172.58,175.05,65496657,AAPL,0.0,0.0,0.0,0.0,0.0,0.0,
2023-05-19,176.39,176.39,174.94,175.16,55809475,AAPL,0.0,0.0,0.0,0.0,0.0,0.0,
2023-05-22,173.98,174.71,173.45,174.2,43570932,AAPL,0.0,0.0,0.0,0.0,0.0,0.0,
2023-05-23,173.13,173.3794,171.275,171.56,50747263,AAPL,0.0,0.0,0.0,0.0,0.0,0.0,
2023-05-24,171.09,172.4183,170.52,171.84,45143488,AAPL,0.0,0.0,0.0,0.0,0.0,0.0,
2023-05-25,172.41,173.895,171.69,172.99,56058258,AAPL,0.0,0.0,0.0,0.0,0.0,0.0,
2023-05-26,173.32,175.77,173.11,175.43,54834975,AAPL,0.0,0.0,0.0,0.0,0.0,0.0,
2023-05-30,176.96,178.99,176.57,177.3,55964401,AAPL,0.0,0.0,0.0,0.0,0.0,0.0,
2023-05-31,177.325,179.35,176.76,177.25,99313268,AAPL,0.0,0.0,0.0,0.0,0.0,0.0,
2023-06-01,177.7,180.12,176.9306,180.09,68901809,AAPL,0.0,0.0,0.0,0.0,0.0,0.0,
2023-06-02,181.03,181.78,179.26,180.95,61996913,AAPL,0.0,0.0,0.0,0.0,0.0,0.0,
2023-06-05,182.63,184.951,178.035,179.58,121946497,AAPL,0.0,0.0,0.0,0.0,0.0,0.0,
2023-06-06,179.965,180.12,177.43,179.21,64848374,AAPL,0.0,0.0,0.0,0.0,0.0,0.0,
2023-06-07,178.44,181.21,177.32,177.82,61944615,AAPL,0.0,0.0,0.0,0.0,0.0,0.0,
2023-06-08,177.895,180.84,177.46,180.57,50214881,AAPL,0.0,0.0,0.0,0.0,0.0,0.0,
2023-06-09,181.5,182.23,180.63,180.96,48899973,AAPL,0.0,0.0,0.0,0.0,0.0,0.0,
2023-06-12,181.27,183.89,180.97,183.79,54754995,AAPL,0.0,0.0,0.0,0.0,0.0,0.0,
2023-06-13,182.8,184.15,182.44,183.31,54929129,AAPL,0.0,0.0,0.0,0.0,0.0,0.0,
2023-06-14,183.37,184.39,182.02,183.95,57462882,AAPL,0.0,0.0,0.0,0.0,0.0,0.0,
2023-06-15,183.96,186.52,183.78,186.01,65433166,AAPL,0.0,0.0,0.0,0.0,0.0,0.0,
2023-06-16,186.73,186.99,184.27,184.92,101256225,AAPL,0.0,0.0,0.0,0.0,0.0,0.0,
2023-06-20,184.41,186.1,184.41,185.01,49799092,AAPL,0.0,0.0,0.0,0.0,0.0,0.0,
2023-06-21,184.9,185.41,182.5901,183.96,49515697,AAPL,0.0,0.0,0.0,0.0,0.0,0.0,
2023-06-22,183.74,187.045,183.67,187.0,51245327,AAPL,0.0,0.0,0.0,0.0,0.0,0.0,
2023-06-23,185.55,187.56,185.01,186.68,53116996,AAPL,0.0,0.0,0.0,0.0,0.0,0.0,
2023-06-26,186.83,188.05,185.23,185.27,48088661,AAPL,0.0,0.0,0.0,0.0,0.0,0.0,
2023-06-27,185.89,188.39,185.67,188.06,50730846,AAPL,0.0,0.0,0.0,0.0,0.0,0.0,
2023-06-28,187.93,189.9,187.6,189.25,51216801,AAPL,0.0,0.0,0.0,0.0,0.0,0.0,
2023-06-29,189.08,190.07,188.94,189.59,46347308,AAPL,0.0,0.0,0.0,0.0,0.0,0.0,
2023-06-30,191.63,194.48,191.26,193.97,85213216,AAPL,0.0,0.0,0.0,0.0,0.0,0.0,
2023-07-03,193.78,193.88,191.76,192.46,31458198,AAPL,0.0,0.0,0.0,0.0,0.0,0.0,
2023-07-05,191.565,192.98,190.62,191.33,46920261,AAPL,0.0,0.0,0.0,0.0,0.0,0.0,
2023-07-06,189.84,192.02,189.2,191.81,45156009,AAPL,0.0,0.0,0.0,0.0,0.0,0.0,
2023-07-07,191.41,192.67,190.24,190.68,46814998,AAPL,0.0,0.0,0.0,0.0,0.0,0.0,
2023-07-10,189.26,189.99,187.035,188.61,59922163,AAPL,0.0,0.0,0.0,0.0,0.0,0.0,
2023-07-11,189.16,189.3,186.6,188.08,46638119,AAPL,0.0,0.0,0.0,0.0,0.0,0.0,
2023-07-12,189.68,191.7,188.47,189.77,60750248,AAPL,0.0,0.0,0.0,0.0,0.0,0.0,
2023-07-13,190.5,191.19,189.78,190.54,41342338,AAPL,0.0,0.0,0.0,0.0,0.0,0.0,
2023-07-14,190.23,191.1799,189.63,190.69,41616242,AAPL,0.0,0.0,0.0,0.0,0.0,0.0,
2023-07-17,191.9,194.32,191.81,193.99,50520159,AAPL,0.0,0.0,0.0,0.0,0.0,0.0,
2023-07-18,193.35,194.33,192.415,193.73,48353774,AAPL,0.0,0.0,0.0,0.0,0.0,0.0,
2023-07-19,193.1,198.23,192.65,195.1,80507323,AAPL,0.0,0.0,0.0,0.0,0.0,0.0,
2023-07-20,195.09,196.47,192.495,193.13,59581196,AAPL,0.0,0.0,0.0,0.0,0.0,0.0,
2023-07-21,194.1,194.97,191.23,191.94,71951683,AAPL,0.0,0.0,0.0,0.0,0.0,0.0,
2023-07-24,193.41,194.91,192.25,192.75,45505097,AAPL,0.0,0.0,0.0,0.0,0.0,0.0,
2023-07-25,193.33,194.44,192.915,193.62,37283201,AAPL,0.0,0.0,0.0,0.0,0.0,0.0,
2023-07-26,193.67,195.64,193.32,194.5,47471868,AAPL,0.0,0.0,0.0,0.0,0.0,0.0,
2023-07-27,196.02,197.2,192.55,193.22,47460180,AAPL,0.0,0.0,0.0,0.0,0.0,0.0,
2023-07-28,194.67,196.626,194.14,195.83,48291443,AAPL,0.0,0.0,0.0,0.0,0.0,0.0,
2023-07-31,196.06,196.49,195.26,196.45,38824113,AAPL,0.0,0.0,0.0,0.0,0.0,0.0,
2023-08-01,196.235,196.73,195.28,195.605,35281426,AAPL,0.0,0.0,0.0,0.0,0.0,0.0,
2023-08-02,195.04,195.18,191.8507,192.58,50389327,AAPL,0.0,0.0,0.0,0.0,0.0,0.0,
2023-08-03,191.57,192.37,190.69,191.17,62243282,AAPL,0.0,0.0,0.0,0.0,0.0,0.0,
2023-08-04,185.52,187.38,181.92,181.99,115956841,AAPL,0.0,0.0,0.0,0.0,0.0,0.0,
2023-08-07,182.13,183.13,177.35,178.85,97576069,AAPL,0.0,0.0,0.0,0.0,0.0,0.0,
2023-08-08,179.69,180.27,177.58,179.8,67823003,AAPL,0.0,0.0,0.0,0.0,0.0,0.0,
2023-08-09,180.87,180.93,177.01,178.19,60378492,AAPL,0.0,0.0,0.0,0.0,0.0,0.0,
2023-08-10,179.48,180.75,177.6,177.97,54686851,AAPL,0.0,0.0,0.0,0.0,0.0,0.0,
2023-08-11,177.32,178.62,176.55,177.79,52036672,AAPL,0.0,0.0,0.0,0.0,0.0,0.0,
2023-08-14,177.97,179.69,177.305,179.46,43675627,AAPL,0.0,0.0,0.0,0.0,0.0,0.0,
2023-08-15,178.88,179.48,177.05,177.45,43622593,AAPL,0.0,0.0,0.0,0.0,0.0,0.0,
2023-08-16,177.13,178.54,176.5,176.57,46964857,AAPL,0.0,0.0,0.0,0.0,0.0,0.0,
2023-08-17,177.14,177.5054,173.48,174.0,66062882,AAPL,0.0,0.0,0.0,0.0,0.0,0.0,
2023-08-18,172.3,175.1,171.96,174.49,61172150,AAPL,0.0,0.0,0.0,0.0,0.0,0.0,
2023-08-21,175.07,176.13,173.735,175.84,46311879,AAPL,0.0,0.0,0.0,0.0,0.0,0.0,
2023-08-22,177.06,177.68,176.25,177.23,42084245,AAPL,0.0,0.0,0.0,0.0,0.0,0.0,
2023-08-23,178.52,181.55,178.325,181.12,52722752,AAPL,0.0,0.0,0.0,0.0,0.0,0.0,
2023-08-24,180.674,181.104,176.01,176.38,54945798,AAPL,0.0,0.0,0.0,0.0,0.0,0.0,
2023-08-25,177.38,179.15,175.82,178.61,51449594,AAPL,0.0,0.0,0.0,0.0,0.0,0.0,
2023-08-28,180.09,180.59,178.545,180.19,43820697,AAPL,0.0,0.0,0.0,0.0,0.0,0.0,
2023-08-29,179.695,184.9,179.5,184.12,53003948,AAPL,0.0,0.0,0.0,0.0,0.0,0.0,
2023-08-30,184.94,187.85,184.74,187.65,60813888,AAPL,0.0,0.0,0.0,0.0,0.0,0.0,
2023-08-31,187.84,189.12,187.48,187.87,60794467,AAPL,0.0,0.0,0.0,0.0,0.0,0.0,
2023-09-01,189.485,189.92,188.28,189.46,45766503,AAPL,0.0,0.0,0.0,0.0,0.0,0.0,
2023-09-05,188.28,189.98,187.61,189.7,45280027,AAPL,0.0,0.0,0.0,0.0,0.0,0.0,
2023-09-06,188.4,188.85,181.47,182.91,81755816,AAPL,0.0,0.0,0.0,0.0,0.0,0.0,
2023-09-07,175.18,178.21,173.54,177.56,112488803,AAPL,0.0,0.0,0.0,0.0,0.0,0.0,
2023-09-08,178.35,180.239,177.79,178.18,65602066,AAPL,0.0,0.0,0.0,0.0,0.0,0.0,
2023-09-11,180.07,180.3,177.34,179.36,58953052,AAPL,0.0,0.0,0.0,0.0,0.0,0.0,
2023-09-12,179.49,180.13,174.82,176.3,90370192,AAPL,0.0,0.0,0.0,0.0,0.0,0.0,
2023-09-13,176.51,177.3,173.98,174.21,84267928,AAPL,0.0,0.0,0.0,0.0,0.0,0.0,
2023-09-14,174.0,176.1,173.58,175.74,60895757,AAPL,0.0,0.0,0.0,0.0,0.0,0.0,
2023-09-15,176.48,176.495,173.82,175.01,109259461,AAPL,0.0,0.0,0.0,0.0,0.0,0.0,
2023-09-18,176.48,179.38,176.17,177.97,67257573,AAPL,0.0,0.0,0.0,0.0,0.0,0.0,
2023-09-19,177.52,179.63,177.13,179.07,51826941,AAPL,0.0,0.0,0.0,0.0,0.0,0.0,
2023-09-20,179.26,179.695,175.4,175.49,58436181,AAPL,0.0,0.0,0.0,0.0,0.0,0.0,
2023-09-21,174.55,176.3,173.86,173.93,63149116,AAPL,0.0,0.0,0.0,0.0,0.0,0.0,
2023-09-22,174.67,177.079,174.05,174.79,56725385,AAPL,0.0,0.0,0.0,0.0,0.0,0.0,
2023-09-25,174.2,176.97,174.15,176.08,46172740,AAPL,0.0,0.0,0.0,0.0,0.0,0.0,
2023-09-26,174.82,175.2,171.66,171.96,64588945,AAPL,0.0,0.0,0.0,0.0,0.0,0.0,
2023-09-27,172.62,173.04,169.05,170.43,66921808,AAPL,0.0,0.0,0.0,0.0,0.0,0.0,
2023-09-28,169.34,172.03,167.62,170.69,56294419,AAPL,0.0,0.0,0.0,0.0,0.0,0.0,
2023-09-29,172.02,173.07,170.341,171.21,51861083,AAPL,0.0,0.0,0.0,0.0,0.0,0.0,
2023-10-02,171.22,174.3,170.93,173.75,52164535,AAPL,0.0,0.0,0.0,0.0,0.0,0.0,
2023-10-03,172.255,173.63,170.82,172.4,49594613,AAPL,0.0,0.0,0.0,0.0,0.0,0.0,
2023-10-04,171.09,174.21,170.97,173.66,53020286,AAPL,0.0,0.0,0.0,0.0,0.0,0.0,
2023-10-05,173.79,175.45,172.68,174.91,48527918,AAPL,0.0,0.0,0.0,0.0,0.0,0.0,
2023-10-06,173.8,177.99,173.18,177.49,57266675,AAPL,0.0,0.0,0.0,0.0,0.0,0.0,
2023-10-09,176.81,179.05,175.8,178.99,42390772,AAPL,0.0,0.0,0.0,0.0,0.0,0.0,
2023-10-10,178.1,179.72,177.95,178.39,43698019,AAPL,0.0,0.0,0.0,0.0,0.0,0.0,
2023-10-11,178.2,179.85,177.6,179.8,47551098,AAPL,0.0,0.0,0.0,0.0,0.0,0.0,
2023-10-12,180.07,182.34,179.04,180.71,56743119,AAPL,0.0,0.0,0.0,0.0,0.0,0.0,
2023-10-13,181.42,181.93,178.14,178.85,51456082,AAPL,0.0,0.0,0.0,0.0,0.0,0.0,
2023-10-16,176.75,179.075,176.51,178.72,52516984,AAPL,0.0,0.0,0.0,0.0,0.0,0.0,
2023-10-17,176.645,178.42,174.8,177.15,57549350,AAPL,0.0,0.0,0.0,0.0,0.0,0.0,
2023-10-18,175.58,177.575,175.11,175.84,54764375,AAPL,0.0,0.0,0.0,0.0,0.0,0.0,
2023-10-19,176.04,177.84,175.19,175.46,59302863,AAPL,0.0,0.0,0.0,0.0,0.0,0.0,
2023-10-20,175.31,175.42,172.64,172.88,64244028,AAPL,0.0,0.0,0.0,0.0,0.0,0.0,
2023-10-23,170.91,174.01,169.93,173.0,55980109,AAPL,0.0,0.0,0.0,0.0,0.0,0.0,
2023-10-24,173.05,173.67,171.45,173.44,43816644,AAPL,0.0,0.0,0.0,0.0,0.0,0.0,
2023-10-25,171.88,173.06,170.65,171.1,57156962,AAPL,0.0,0.0,0.0,0.0,0.0,0.0,
2023-10-26,170.37,171.3775,165.67,166.89,70625258,AAPL,0.0,0.0,0.0,0.0,0.0,0.0,
2023-10-27,166.91,168.96,166.83,168.22,58499129,AAPL,0.0,0.0,0.0,0.0,0.0,0.0,
2023-10-30,169.02,171.17,168.87,170.29,51130955,AAPL,0.0,0.0,0.0,0.0,0.0,0.0,
2023-10-31,169.35,170.9,167.9,170.77,44846017,AAPL,0.0,0.0,0.0,0.0,0.0,0.0,
2023-11-01,171.0,174.23,170.12,173.97,56934906,AAPL,0.0,0.0,0.0,0.0,0.0,0.0,
2023-11-02,175.52,177.78,175.46,177.57,77334752,AAPL,0.0,0.0,0.0,0.0,0.0,0.0,
2023-11-03,174.24,176.82,173.35,176.65,79829246,AAPL,0.0,0.0,0.0,0.0,0.0,0.0,
2023-11-06,176.38,179.43,176.21,179.23,63841310,AAPL,0.0,0.0,0.0,0.0,0.0,0.0,
2023-11-07,179.18,182.44,178.97,181.82,70529966,AAPL,0.0,0.0,0.0,0.0,0.0,0.0,
2023-11-08,182.35,183.45,181.59,182.89,49340282,AAPL,0.0,0.0,0.0,0.0,0.0,0.0,
2023-11-09,182.96,184.12,181.81,182.41,53763540,AAPL,0.0,0.0,0.0,0.0,0.0,0.0,
2023-11-10,183.97,186.565,183.53,186.4,66177922,AAPL,0.0,0.0,0.0,0.0,0.0,0.0,
2023-11-13,185.82,186.03,184.21,184.8,43627519,AAPL,0.0,0.0,0.0,0.0,0.0,0.0,
2023-11-14,187.7,188.11,186.3,187.44,60108378,AAPL,0.0,0.0,0.0,0.0,0.0,0.0,
2023-11-15,187.845,189.5,187.78,188.01,53790499,AAPL,0.0,0.0,0.0,0.0,0.0,0.0,
2023-11-16,189.57,190.96,188.65,189.71,54412915,AAPL,0.0,0.0,0.0,0.0,0.0,0.0,
2023-11-17,190.25,190.38,188.57,189.69,50941404,AAPL,0.0,0.0,0.0,0.0,0.0,0.0,
2023-11-20,189.89,191.905,189.88,191.45,46538614,AAPL,0.0,0.0,0.0,0.0,0.0,0.0,
2023-11-21,191.41,191.52,189.74,190.64,38134485,AAPL,0.0,0.0,0.0,0.0,0.0,0.0,
2023-11-22,191.49,192.93,190.825,191.31,39630011,AAPL,0.0,0.0,0.0,0.0,0.0,0.0,
2023-11-24,190.87,190.9,189.25,189.97,24048344,AAPL,0.0,0.0,0.0,0.0,0.0,0.0,
2023-11-27,189.92,190.67,188.9,189.79,40552609,AAPL,0.0,0.0,0.0,0.0,0.0,0.0,
2023-11-28,189.78,191.08,189.4,190.4,38415419,AAPL,0.0,0.0,0.0,0.0,0.0,0.0,
2023-11-29,190.9,192.09,188.97,189.37,43014224,AAPL,0.0,0.0,0.0,0.0,0.0,0.0,
2023-11-30,189.84,190.32,188.19,189.95,48794366,AAPL,0.0,0.0,0.0,0.0,0.0,0.0,
2023-12-01,190.33,191.56,189.23,191.24,45704823,AAPL,0.0,0.0,0.0,0.0,0.0,0.0,
2023-12-04,189.98,190.05,187.4511,189.43,43389519,AAPL,0.0,0.0,0.0,0.0,0.0,0.0,
2023-12-05,190.21,194.4,190.18,193.42,66628398,AAPL,0.0,0.0,0.0,0.0,0.0,0.0,
2023-12-06,194.45,194.76,192.11,192.32,40895115,AAPL,0.0,0.0,0.0,0.0,0.0,0.0,
2023-12-07,193.63,195.0,193.59,194.27,47477655,AAPL,0.0,0.0,0.0,0.0,0.0,0.0,
2023-12-08,194.2,195.99,193.67,195.71,53406358,AAPL,0.0,0.0,0.0,0.0,0.0,0.0,
2023-12-11,193.11,193.49,191.42,193.18,60943699,AAPL,0.0,0.0,0.0,0.0,0.0,0.0,
2023-12-12,193.08,194.72,191.721,194.71,52696900,AAPL,0.0,0.0,0.0,0.0,0.0,0.0,
2023-12-13,195.09,198.0,194.85,197.96,70404183,AAPL,0.0,0.0,0.0,0.0,0.0,0.0,
2023-12-14,198.02,199.62,196.16,198.11,66831572,AAPL,0.0,0.0,0.0,0.0,0.0,0.0,
2023-12-15,197.53,198.3999,197.0,197.57,128538401,AAPL,0.0,0.0,0.0,0.0,0.0,0.0,
2023-12-18,196.09,196.63,194.39,195.89,55751861,AAPL,0.0,0.0,0.0,0.0,0.0,0.0,
2023-12-19,196.16,196.95,195.89,196.94,40233138,AAPL,0.0,0.0,0.0,0.0,0.0,0.0,
2023-12-20,196.9,197.68,194.83,194.83,52242815,AAPL,0.0,0.0,0.0,0.0,0.0,0.0,
2023-12-21,196.1,197.08,193.5,194.68,46482549,AAPL,0.0,0.0,0.0,0.0,0.0,0.0,
2023-12-22,195.18,195.41,192.97,193.6,37149570,AAPL,0.0,0.0,0.0,0.0,0.0,0.0,
2023-12-26,193.61,193.89,192.83,193.05,28919310,AAPL,0.0,0.0,0.0,0.0,0.0,0.0,
2023-12-27,192.49,193.5,191.09,193.15,47899806,AAPL,0.0,0.0,0.0,0.0,0.0,0.0,
2023-12-28,194.14,194.66,193.17,193.58,34049898,AAPL,0.0,0.0,0.0,0.0,0.0,0.0,
2023-12-29,193.9,194.4,191.725,192.53,42672148,AAPL,0.0,0.0,0.0,0.0,0.0,0.0,
2024-01-02,187.15,188.44,183.885,185.64,82488674,AAPL,0.0,0.0,0.0,0.0,0.0,0.0,
2024-01-03,184.22,185.88,183.43,184.25,58414460,AAPL,0.0,0.0,0.0,0.0,0.0,0.0,
2024-01-04,182.15,183.0872,180.88,181.91,71983570,AAPL,0.0,0.0,0.0,0.0,0.0,0.0,
2024-01-05,181.99,182.76,180.17,181.18,62196924,AAPL,0.0,0.0,0.0,0.0,0.0,0.0,
2024-01-08,182.085,185.6,181.5,185.56,59144470,AAPL,0.0,0.0,0.0,0.0,0.0,0.0,
2024-01-09,183.92,185.15,182.73,185.14,42841809,AAPL,0.0,0.0,0.0,0.0,0.0,0.0,
2024-01-10,184.35,186.4,183.92,186.19,46792908,AAPL,0.0,0.0,0.0,0.0,0.0,0.0,
2024-01-11,186.54,187.05,183.62,185.59,49128408,AAPL,-0.8967981934547424,1.0,-0.2989327311515808,0.0,0.6931471805599453,0.33895785658474875,-0.23737783246537963
2024-01-12,186.06,186.74,185.19,185.92,40477782,AAPL,0.0,0.0,-0.2989327311515808,-0.8967981934547424,0.0,0.33895785658474875,0.1265924208845704
2024-01-16,182.16,184.26,180.934,183.63,65603041,AAPL,0.0,0.0,-0.2989327311515808,0.0,0.0,0.33895785658474875,-0.16394084682708057
2024-01-17,181.27,182.93,180.3,182.68,47317433,AAPL,0.0,0.0,0.0,0.0,0.0,0.33895785658474875,-0.28325714666781515
2024-01-18,186.09,189.14,185.83,188.63,78005754,AAPL,0.0,0.0,0.0,0.0,0.0,0.33895785658474875,-0.07282892161854633
2024-01-19,189.33,191.95,188.82,191.56,68902985,AAPL,0.0,0.0,0.0,0.0,0.0,0.33895785658474875,
2024-01-22,192.3,195.33,192.26,193.89,60133852,AAPL,0.0,0.0,0.0,0.0,0.0,0.33895785658474875,
2024-01-23,195.02,195.75,193.8299,195.18,42355590,AAPL,0.0,0.0,0.0,0.0,0.0,0.0,
2024-01-24,195.42,196.38,194.34,194.5,53463269,AAPL,0.0,0.0,0.0,0.0,0.0,0.0,
2024-01-25,195.22,196.2675,193.1125,194.17,54822126,AAPL,0.0,0.0,0.0,0.0,0.0,0.0,
2024-01-26,194.27,194.76,191.94,192.42,44594011,AAPL,0.0,0.0,0.0,0.0,0.0,0.0,
2024-01-29,192.01,192.2,189.58,191.73,47145622,AAPL,0.0,0.0,0.0,0.0,0.0,0.0,
2024-01-30,190.94,191.8,187.47,188.04,55859370,AAPL,0.0,0.0,0.0,0.0,0.0,0.0,
2024-01-31,187.04,187.095,184.35,184.4,55467803,AAPL,0.0,0.0,0.0,0.0,0.0,0.0,
2024-02-01,183.985,186.95,183.82,186.86,64885408,AAPL,0.0,0.0,0.0,0.0,0.0,0.0,
2024-02-02,179.86,187.33,179.25,185.85,102551680,AAPL,0.0,0.0,0.0,0.0,0.0,0.0,
2024-02-05,188.15,189.25,185.84,187.68,69668820,AAPL,0.0,0.0,0.0,0.0,0.0,0.0,
2024-02-06,186.86,189.31,186.7695,189.3,43490759,AAPL,0.0,0.0,0.0,0.0,0.0,0.0,
2024-02-07,190.64,191.05,188.61,189.41,53438955,AAPL,0.0,0.0,0.0,0.0,0.0,0.0,
2024-02-08,189.385,189.535,187.35,188.32,40962046,AAPL,0.0,0.0,0.0,0.0,0.0,0.0,
2024-02-09,188.65,189.99,188.0,188.85,45155216,AAPL,0.0,0.0,0.0,0.0,0.0,0.0,
2024-02-12,188.415,188.67,186.79,187.15,41781934,AAPL,0.0,0.0,0.0,0.0,0.0,0.0,
2024-02-13,185.77,186.21,183.5128,185.04,56529529,AAPL,0.0,0.0,0.0,0.0,0.0,0.0,
2024-02-14,185.32,185.53,182.44,184.15,54630517,AAPL,0.0,0.0,0.0,0.0,0.0,0.0,
2024-02-15,183.55,184.49,181.35,183.86,65434496,AAPL,0.0,0.0,0.0,0.0,0.0,0.0,
2024-02-16,183.42,184.85,181.665,182.31,49752465,AAPL,0.0,0.0,0.0,0.0,0.0,0.0,
2024-02-20,181.79,182.43,180.0,181.56,53665553,AAPL,0.0,0.0,0.0,0.0,0.0,0.0,
2024-02-21,181.94,182.8888,180.66,182.32,41529674,AAPL,0.0,0.0,0.0,0.0,0.0,0.0,
2024-02-22,183.48,184.955,182.46,184.37,52292208,AAPL,0.0,0.0,0.0,0.0,0.0,0.0,
2024-02-23,185.01,185.04,182.23,182.52,45119677,AAPL,0.0,0.0,0.0,0.0,0.0,0.0,
2024-02-26,182.24,182.76,180.65,181.16,40867421,AAPL,0.0,0.0,0.0,0.0,0.0,0.0,
2024-02-27,181.1,183.9225,179.56,182.63,54318851,AAPL,0.0,0.0,0.0,0.0,0.0,0.0,
2024-02-28,182.51,183.12,180.13,181.42,48953939,AAPL,0.0,0.0,0.0,0.0,0.0,0.0,
2024-02-29,181.27,182.57,179.53,180.75,136682597,AAPL,0.0,0.0,0.0,0.0,0.0,0.0,
2024-03-01,179.55,180.53,177.38,179.66,73563082,AAPL,0.0,0.0,0.0,0.0,0.0,0.0,
2024-03-04,176.15,176.9,173.79,175.1,81510101,AAPL,0.0,0.0,0.0,0.0,0.0,0.0,
2024-03-05,170.76,172.04,169.62,170.12,95132355,AAPL,0.0,0.0,0.0,0.0,0.0,0.0,
2024-03-06,171.06,171.24,168.68,169.12,68587707,AAPL,0.0,0.0,0.0,0.0,0.0,0.0,
2024-03-07,169.15,170.73,168.49,169.0,71765061,AAPL,0.0,0.0,0.0,0.0,0.0,0.0,
2024-03-08,169.0,173.7,168.94,170.73,76267041,AAPL,0.0,0.0,0.0,0.0,0.0,0.0,
2024-03-11,172.94,174.38,172.05,172.75,58929918,AAPL,0.0,0.0,0.0,0.0,0.0,0.0,
2024-03-12,173.15,174.03,171.01,173.23,59544927,AAPL,0.0,0.0,0.0,0.0,0.0,0.0,
2024-03-13,172.77,173.185,170.76,171.13,51948951,AAPL,0.0,0.0,0.0,0.0,0.0,0.0,
2024-03-14,172.91,174.3078,172.05,173.0,72571635,AAPL,0.0,0.0,0.0,0.0,0.0,0.0,
2024-03-15,171.17,172.62,170.285,172.62,121752699,AAPL,0.0,0.0,0.0,0.0,0.0,0.0,
2024-03-18,175.57,177.71,173.52,173.72,75604184,AAPL,0.0,0.0,0.0,0.0,0.0,0.0,
2024-03-19,174.34,176.605,173.03,176.08,55215244,AAPL,0.0,0.0,0.0,0.0,0.0,0.0,
2024-03-20,175.72,178.67,175.09,178.67,53423102,AAPL,0.0,0.0,0.0,0.0,0.0,0.0,
2024-03-21,177.05,177.49,170.84,171.37,106181270,AAPL,0.0,0.0,0.0,0.0,0.0,0.0,
2024-03-22,171.76,173.05,170.06,172.28,71160138,AAPL,0.0,0.0,0.0,0.0,0.0,0.0,
2024-03-25,170.565,171.94,169.45,170.85,54288328,AAPL,0.0,0.0,0.0,0.0,0.0,0.0,
2024-03-26,170.0,171.42,169.58,169.71,57388449,AAPL,0.0,0.0,0.0,0.0,0.0,0.0,
2024-03-27,170.41,173.6,170.11,173.31,60273265,AAPL,0.0,0.0,0.0,0.0,0.0,0.0,
2024-03-28,171.75,172.23,170.51,171.48,65672690,AAPL,0.0,0.0,0.0,0.0,0.0,0.0,
2024-04-01,171.19,171.25,169.475,170.03,43772506,AAPL,0.0,0.0,0.0,0.0,0.0,0.0,
2024-04-02,169.08,169.34,168.2302,168.84,49013991,AAPL,0.0,0.0,0.0,0.0,0.0,0.0,
2024-04-03,168.79,170.68,168.58,169.65,45571129,AAPL,0.0,0.0,0.0,0.0,0.0,0.0,
2024-04-04,170.29,171.92,168.82,168.82,53355055,AAPL,0.0,0.0,0.0,0.0,0.0,0.0,
2024-04-05,169.59,170.39,168.95,169.58,41975776,AAPL,0.0,0.0,0.0,0.0,0.0,0.0,
2024-04-08,169.03,169.2,168.24,168.45,37216858,AAPL,0.0,0.0,0.0,0.0,0.0,0.0,
2024-04-09,168.7,170.08,168.35,169.67,42231444,AAPL,0.0,0.0,0.0,0.0,0.0,0.0,
2024-04-10,168.8,169.09,167.11,167.78,49709336,AAPL,0.0,0.0,0.0,0.0,0.0,0.0,
2024-04-11,168.34,175.46,168.16,175.04,91070275,AAPL,0.0,0.0,0.0,0.0,0.0,0.0,
2024-04-12,174.26,178.36,174.21,176.55,101670886,AAPL,0.0,0.0,0.0,0.0,0.0,0.0,
2024-04-15,175.36,176.63,172.5,172.69,73531773,AAPL,0.0,0.0,0.0,0.0,0.0,0.0,
2024-04-16,171.75,173.76,168.27,169.38,73711235,AAPL,0.0,0.0,0.0,0.0,0.0,0.0,
2024-04-17,169.61,170.65,168.0,168.0,50901210,AAPL,0.0,0.0,0.0,0.0,0.0,0.0,
2024-04-18,168.03,168.64,166.55,167.04,43122903,AAPL,0.0,0.0,0.0,0.0,0.0,0.0,
2024-04-19,166.21,166.4,164.075,165.0,68149377,AAPL,0.0,0.0,0.0,0.0,0.0,0.0,
2024-04-22,165.515,167.26,164.77,165.84,48116443,AAPL,0.0,0.0,0.0,0.0,0.0,0.0,
2024-04-23,165.35,167.05,164.92,166.9,49537761,AAPL,0.0,0.0,0.0,0.0,0.0,0.0,
2024-04-24,166.54,169.3,166.21,169.02,48251835,AAPL,0.0,0.0,0.0,0.0,0.0,0.0,
2024-04-25,169.525,170.61,168.1511,169.89,50558329,AAPL,0.0,0.0,0.0,0.0,0.0,0.0,
2024-04-26,169.88,171.34,169.18,169.3,44838354,AAPL,0.0,0.0,0.0,0.0,0.0,0.0,
2024-04-29,173.37,176.03,173.1,173.5,68169419,AAPL,0.0,0.0,0.0,0.0,0.0,0.0,
2024-04-30,173.33,174.99,170.0,170.33,65934776,AAPL,0.0,0.0,0.0,0.0,0.0,0.0,
2024-05-01,169.58,172.705,169.11,169.3,50383147,AAPL,0.0,0.0,0.0,0.0,0.0,0.0,
2024-05-02,172.51,173.415,170.89,173.03,94214915,AAPL,0.0,0.0,0.0,0.0,0.0,0.0,
2024-05-03,186.645,187.0,182.66,183.38,163224109,AAPL,0.0,0.0,0.0,0.0,0.0,0.0,
2024-05-06,182.354,184.2,180.42,181.71,78569667,AAPL,0.0,0.0,0.0,0.0,0.0,0.0,
2024-05-07,183.45,184.9,181.32,182.4,77305771,AAPL,0.0,0.0,0.0,0.0,0.0,0.0,
2024-05-08,182.85,183.07,181.45,182.74,45057087,AAPL,0.0,0.0,0.0,0.0,0.0,0.0,
2024-05-09,182.56,184.66,182.11,184.57,48982972,AAPL,0.0,0.0,0.0,0.0,0.0,0.0,
2024-05-10,184.9,185.09,182.13,183.05,50759496,AAPL,0.0,0.0,0.0,0.0,0.0,0.0,
2024-05-13,185.435,187.1,184.62,186.28,72044809,AAPL,0.0,0.0,0.0,0.0,0.0,0.0,
2024-05-14,187.51,188.3,186.29,187.43,52393619,AAPL,-0.5155972200632095,50.0,-0.17186574002106983,0.0,3.9318256327243257,0.19487743156621357,-0.7207881836890145
2024-05-15,187.91,190.65,187.37,189.72,70399988,AAPL,-0.468172612786293,60.0,-0.32792327761650086,-0.5155972200632095,4.110873864173311,0.24040538862095298,-0.8177967424208948
2024-05-16,190.47,191.095,189.6601,189.84,52845230,AAPL,-0.7435778237201951,44.0,-0.5757825521898993,-0.468172612786293,3.8066624897703196,0.3192926912852242,-0.8462670394799557
2024-05-17,189.51,190.81,189.18,189.87,41282925,AAPL,-0.7779895916129603,33.0,-0.6632466760398161,-0.7435778237201951,3.5263605246161616,0.35273416355646314,-0.8467400499205863
2024-05-20,189.325,191.9199,189.01,191.04,44361275,AAPL,-0.5703308628155634,26.0,-0.697299426049573,-0.7779895916129603,3.295836866004329,0.3206993784258518,-0.28658511439241674
2024-05-21,191.09,192.73,190.9201,192.35,42309401,AAPL,-0.6574844034279094,51.0,-0.6686016192854778,-0.5703308628155634,3.9512437185814275,0.26135756632011437,0.04811877582489172
2024-05-22,192.265,192.8231,190.27,190.9,34648547,AAPL,-0.680671918504643,53.0,-0.6361623949160387,-0.6574844034279094,3.9889840465642745,0.11615958332966334,0.6412448886763815
2024-05-23,190.98,191.0,186.625,186.88,51005924,AAPL,-0.5940917347158704,42.0,-0.6440826855494742,-0.680671918504643,3.7612001156935624,0.10660967066567421,-0.16924133135089597
2024-05-24,188.82,190.58,188.0404,189.98,36326975,AAPL,-0.5884350465565193,41.0,-0.621066233259011,-0.5940917347158704,3.7376696182833684,0.08045556400202424,-0.44281414894830246
2024-05-28,191.51,193.0,189.1,189.99,52280051,AAPL,-0.42564386036247015,64.0,-0.5360568805449533,-0.5884350465565193,4.174387269895637,0.10928704809060429,-0.28658478988705116
2024-05-29,189.61,192.247,189.51,190.29,53068016,AAPL,-0.6370474602494921,70.0,-0.5503754557228272,-0.42564386036247015,4.2626798770413155,0.08399179995991654,-0.12309846362134265
2024-05-30,190.76,192.18,190.63,191.29,49947941,AAPL,-0.6730711443244286,53.0,-0.5785874883121304,-0.6370474602494921,3.9889840465642745,0.08816450839273228,-0.15871617117007386
2024-05-31,191.44,192.57,189.91,192.25,75158277,AAPL,-0.6442037992179394,40.0,-0.6514408012639534,-0.6730711443244286,3.713572066704308,0.08705973665248662,-0.5891578130317879
2024-06-03,192.9,194.99,192.52,194.03,50080539,AAPL,-0.6834189549088479,40.0,-0.6668979661504052,-0.6442037992179394,3.713572066704308,0.08745684008867687,-0.6358630441506232
2024-06-04,194.635,195.32,193.0342,194.35,47471445,AAPL,-0.8059947987397512,42.0,-0.7112058509555128,-0.6834189549088479,3.7612001156935624,0.11481634442890752,-0.7410251685033046
2024-06-05,195.4,196.9,194.87,195.87,54156785,AAPL,-0.49704280743996304,48.0,-0.6621521870295207,-0.8059947987397512,3.8918202981106265,0.12589814495469842,0.3245073484139428
2024-06-06,195.685,196.5,194.17,194.48,41181753,AAPL,-0.4525505682778737,63.0,-0.5851960581525293,-0.49704280743996304,4.1588830833596715,0.11906616314941731,0.37965630820690227
2024-06-07,194.65,196.94,194.14,196.89,53103912,AAPL,0.0,0.0,-0.3165311252392789,-0.4525505682778737,0.0,0.2648587521182046,0.8653768798303266
2024-06-10,196.9,197.3,192.15,193.12,97262077,AAPL,-0.45588841708377004,64.0,-0.3028129951205479,0.0,4.174387269895637,0.25886215661740297,0.6276902292650257
2024-06-11,193.65,207.16,193.63,207.15,172373296,AAPL,-0.6087607705593109,100.0,-0.3548830625476937,-0.45588841708377004,4.61512051684126,0.2560300602750032,-0.3251367607711797
2024-06-12,207.37,220.2,206.9,213.07,198134293,AAPL,-0.28634985960446874,65.0,-0.4503330157491832,-0.6087607705593109,4.189654742026425,0.2527197438408018,-0.09413728857711258
2024-06-13,214.74,216.75,211.6,214.24,97862729,AAPL,0.0,0.0,-0.29837021005459324,-0.28634985960446874,0.0,0.2436425296764326,0.15986770051177873
2024-06-14,213.85,215.17,211.3,212.49,70122748,AAPL,-0.5752396002048399,41.0,-0.2871964866031029,0.0,3.7376696182833684,0.2542131340254074,0.37653927751226984
2024-06-17,213.37,218.95,212.72,216.67,93728300,AAPL,-0.6404927534572149,59.0,-0.4052441178873516,-0.5752396002048399,4.0943445622221,0.27700576049537556,0.23382097308539332
2024-06-18,217.59,218.63,213.0,214.29,79943254,AAPL,-0.57667667740657,81.0,-0.5974696770228749,-0.6404927534572149,4.406719247264253,0.2318527707118947,-0.2461442920724692
2024-06-20,213.93,214.24,208.85,209.68,86172451,AAPL,-0.5879827056612287,14.0,-0.6017173788416712,-0.57667667740657,2.70805020110221,0.2378006463316404,0.10078506791200173
2024-06-21,210.39,211.89,207.11,207.49,246421353,AAPL,-0.7531309127807617,73.0,-0.6392634319495202,-0.5879827056612287,4.30406509320417,0.25749560512403674,0.5055719889030618
2024-06-24,207.72,212.7,206.59,208.14,80727006,AAPL,-0.7712712097034026,89.0,-0.7041282760484644,-0.7531309127807617,4.499809670330265,0.2592535802683716,0.6401612124696603
2024-06-25,209.15,211.38,208.61,209.07,56713868,AAPL,-0.6476869486710605,34.0,-0.7240296903850748,-0.7712712097034026,3.5553480614894135,0.081903522540101,0.7728696198200111
2024-06-26,211.5,214.86,210.64,213.25,66213186,AAPL,-0.6474948553811937,63.0,-0.6888176712518855,-0.6476869486710605,4.1588830833596715,0.07513236543056623,0.5662815427569585
2024-06-27,214.69,215.7395,212.35,214.1,49772707,AAPL,-0.6579188130936533,53.0,-0.6510335390486358,-0.6474948553811937,3.9889840465642745,0.07463921147884596,0.7367444894779073
2024-06-28,215.77,216.07,210.3,210.62,82542718,AAPL,-0.5537670488158862,60.0,-0.6197269057635778,-0.6579188130936533,4.110873864173311,0.07941328710793714,0.3604312447496304
2024-07-01,212.09,217.51,211.92,216.75,60402929,AAPL,-0.1865483366307758,21.0,-0.4660780661801051,-0.5537670488158862,3.091042453358316,0.1973582645971053,0.6717267978293965
2024-07-02,216.15,220.38,215.1,220.27,58046178,AAPL,-0.665907154083252,25.0,-0.46874084650997133,-0.1865483366307758,3.258096538021482,0.18883572052723888,0.10336115960585517
2024-07-03,220.0,221.55,219.03,221.55,37369801,AAPL,-0.25521603865282877,28.0,-0.36922384312228546,-0.665907154083252,3.367295829986474,0.206243204208416,0.33316340367654834
2024-07-05,221.65,226.45,221.65,226.34,60412408,AAPL,-0.31052493386798435,27.0,-0.4105493755346883,-0.25521603865282877,3.332204510175204,0.20980187697830419,0.31040410029353066
2024-07-08,227.09,227.85,223.25,227.82,59085861,AAPL,-0.4062144060929616,30.0,-0.3239851262045916,-0.31052493386798435,3.4339872044851463,0.19471275989189082,-0.13902448364695655
2024-07-09,227.93,229.4,226.3721,228.68,48169822,AAPL,-0.16113242387771606,25.0,-0.29262392127955394,-0.4062144060929616,3.258096538021482,0.1898545981525733,0.5994069918792718
2024-07-10,229.3,233.08,229.25,232.98,62627687,AAPL,-0.13963036026273454,7.0,-0.23565906341113738,-0.16113242387771606,2.0794415416798357,0.1848735141759108,0.4197284531991028
2024-07-11,231.39,232.39,225.77,227.57,64710617,AAPL,-0.19164184782956098,37.0,-0.16413487732333717,-0.13963036026273454,3.6375861597263857,0.18434531251569086,0.5950732864996259
2024-07-12,228.92,232.64,228.68,230.54,53046527,AAPL,-0.48751632286154706,23.0,-0.2729295103179475,-0.19164184782956098,3.1780538303479458,0.13049264899275864,0.15106432382254478
2024-07-15,236.48,237.23,233.09,234.4,62631252,AAPL,0.036764868668147495,35.0,-0.2141311006743201,-0.48751632286154706,3.58351893845611,0.17750072569948444,0.4376392511052646
2024-07-16,235.0,236.27,232.33,234.82,43234278,AAPL,-0.6695922389626503,28.0,-0.3734478977186832,0.036764868668147495,3.367295829986474,0.24230106515182168,-0.0835365264752913
2024-07-17,229.45,231.4599,226.64,228.88,57345884,AAPL,-0.6213083756821496,56.0,-0.4180452486588841,-0.6695922389626503,4.04305126783455,0.27159628235534905,0.05967074566485566
2024-07-18,230.28,230.44,222.27,224.18,66034585,AAPL,-0.6719061570508139,70.0,-0.6542689238985379,-0.6213083756821496,4.2626798770413155,0.2900527668279472,0.5032076489382817
2024-07-19,224.82,226.8,223.275,224.31,49151453,AAPL,-0.7922269821166992,20.0,-0.6951471716165541,-0.6719061570508139,3.044522437723423,0.3000776766211226,0.6112162376795441
2024-07-22,227.01,227.78,223.09,223.96,48201835,AAPL,-0.6279418806771975,37.0,-0.6973583399482369,-0.7922269821166992,3.6375861597263857,0.27299466971808856,0.2383739558205404
2024-07-23,224.365,226.94,222.68,225.01,39960260,AAPL,-0.6753375183452259,55.0,-0.6985021270463742,-0.6279418806771975,4.02535169073515,0.27531664653908366,0.4278261833373908
2024-07-24,224.0,224.8,217.13,218.54,61777576,AAPL,-0.5116683296362559,75.0,-0.6049825762195598,-0.6753375183452259,4.330733340286331,0.08378804975474882,-0.8015091149517123
2024-07-25,218.93,220.85,214.62,217.49,51391199,AAPL,0.0,0.0,-0.3956686159938272,-0.5116683296362559,0.0,0.25949018238748855,-0.8407396482350589
2024-07-26,218.7,219.49,216.01,217.96,41601345,AAPL,-0.49686940759420395,40.0,-0.3361792457434866,0.0,3.713572066704308,0.2586272387290821,-0.7081638425274754
2024-07-29,216.96,219.3,215.75,218.24,36311778,AAPL,-0.5805574320767024,73.0,-0.35914227989030206,-0.49686940759420395,4.30406509320417,0.2530731719438151,-0.5619654719079387
2024-07-30,219.19,220.325,216.12,218.8,41643840,AAPL,-0.6838324467341105,69.0,-0.5870864288016723,-0.5805574320767024,4.248495242049359,0.23689397940410498,-0.8798546767097577
2024-07-31,221.44,223.82,220.63,222.08,50036262,AAPL,0.0,0.0,-0.4214632929369376,-0.6838324467341105,0.0,0.2965596417756857,0.39201677418534425
2024-08-01,224.37,224.48,217.02,218.36,62500996,AAPL,-0.7734985709190368,5.0,-0.48577700588438244,0.0,1.791759469228055,0.3124743725190917,0.8828471689595143
2024-08-02,219.15,225.6,217.71,219.86,105568560,AAPL,-0.6654525328707951,93.0,-0.4796503679299439,-0.7734985709190368,4.543294782270004,0.3239420118212176,0.8938979645081336
2024-08-05,199.09,213.5,196.0,209.27,119548589,AAPL,-0.7861365819279151,79.0,-0.741695895239249,-0.6654525328707951,4.382026634673881,0.27097150493453964,0.5946762063707863
2024-08-06,205.3,209.99,201.07,207.23,69660488,AAPL,-0.4126888459379023,33.0,-0.6214259869122041,-0.7861365819279151,3.5263605246161616,0.27654169525984595,0.3206593400485977
2024-08-07,206.9,213.64,206.39,209.82,63516417,AAPL,-0.7454047286510468,50.0,-0.6480767188389547,-0.4126888459379023,3.9318256327243257,0.28570439817471477,-0.3746530522992128
2024-08-08,213.11,214.2,208.83,213.31,47161149,AAPL,-0.7015766871196253,54.0,-0.6198900872361914,-0.7454047286510468,4.007333185232471,0.28684525299021335,-0.25684506017140074
2024-08-09,212.1,216.78,211.97,216.24,42201646,AAPL,-0.764985846436542,46.0,-0.737322420735738,-0.7015766871196253,3.8501476017100584,0.13069634058122426,-0.5631393865188149
2024-08-12,216.07,219.5099,215.6,217.53,38028092,AAPL,0.0,0.0,-0.48885417785205565,-0.764985846436542,0.0,0.28592222879399304,0.2841991186784357
2024-08-13,219.01,221.89,219.01,221.27,44155331,AAPL,-0.6133713636260766,52.0,-0.45945240335420606,0.0,3.970291913552122,0.2840700851882813,0.3674871298981724
2024-08-14,220.57,223.03,219.7,221.72,41960574,AAPL,-0.6108365453464885,71.0,-0.4080693029908549,-0.6133713636260766,4.276666119016055,0.26970619751925123,0.09123774890770033
2024-08-15,224.6,225.35,222.76,224.72,46414013,AAPL,-0.614291461450713,42.0,-0.612833123474426,-0.6108365453464885,3.7612001156935624,0.2633080704155552,-0.2654280625704585
2024-08-16,223.92,226.8271,223.6501,226.05,44340240,AAPL,-0.6895845234394073,33.0,-0.6382375100788695,-0.614291461450713,3.5263605246161616,0.25821170614513095,-0.845016489933265
2024-08-19,225.72,225.99,223.04,225.89,40687813,AAPL,-0.6976544552523157,46.0,-0.667176813380812,-0.6895845234394073,3.8501476017100584,0.257884326703495,-0.8208876763896593
2024-08-20,225.77,227.17,225.45,226.51,30299033,AAPL,-0.47474563121795654,20.0,-0.6206615366365599,-0.6976544552523157,3.044522437723423,0.24430367959809154,0.06601160168285121
2024-08-21,226.52,227.98,225.05,226.4,34765480,AAPL,-0.5508358073540223,39.0,-0.5744119646080981,-0.47474563121795654,3.6888794541139363,0.07723533124753573,0.39217004094092045
2024-08-22,227.79,228.34,223.9,224.53,43695321,AAPL,-0.7097485546142824,31.0,-0.578443331062087,-0.5508358073540223,3.4657359027997265,0.08652324690700426,0.7031056726089886
2024-08-23,225.6589,228.22,224.33,226.84,38677250,AAPL,-0.600899796228151,37.0,-0.6204947193988185,-0.7097485546142824,3.6375861597263857,0.08680075759675147,0.7102399297720674
2024-08-26,226.76,227.28,223.8905,227.18,30602208,AAPL,-0.694014219350593,43.0,-0.6682208567310087,-0.600899796228151,3.784189633918261,0.09109958285095046,0.34957930464638787
2024-08-27,225.995,228.85,224.89,228.03,35934559,AAPL,-0.6422528746096712,76.0,-0.6457222967294717,-0.694014219350593,4.343805421853684,0.0877266356933194,0.2966959448608097
2024-08-28,227.92,229.86,225.68,226.49,38052167,AAPL,-0.6165008169823679,58.0,-0.6509226369808773,-0.6422528746096712,4.07753744390572,0.08156395493922905,0.4756293773105776
2024-08-29,230.1,232.92,228.88,229.79,51906297,AAPL,-0.587115167275719,46.0,-0.615289619622586,-0.6165008169823679,3.8501476017100584,0.0573472854380426,0.35049252423201355
2024-08-30,230.19,230.4,227.48,229.0,52990770,AAPL,-0.7463121585773699,33.0,-0.6499760476118189,-0.587115167275719,3.5263605246161616,0.060576733784869344,0.01637842280392591
2024-09-03,228.55,229.0,221.17,222.77,50190574,AAPL,-0.741632351103951,34.0,-0.6916865589856799,-0.7463121585773699,3.5553480614894135,0.06617135314170895,0.4675760128961996
2024-09-04,221.66,221.78,217.48,220.85,43262758,AAPL,-0.5370706965525945,36.0,-0.6750050687446384,-0.741632351103951,3.6109179126442243,0.07902299847816195,-0.2156049154114538
2024-09-05,221.625,225.48,221.52,222.38,36615398,AAPL,0.0,0.0,-0.42623434921884834,-0.5370706965525945,0.0,0.2556614849584003,-0.4006669456278363
2024-09-06,223.95,225.24,219.77,220.82,48423011,AAPL,0.0,0.0,-0.17902356551753143,0.0,0.0,0.3243124662470848,-0.5502025694962919
2024-09-09,220.82,221.27,216.71,220.91,67179965,AAPL,-0.5569716721046262,82.0,-0.1856572240348753,0.0,4.418840607796598,0.3203183340005087,-0.13728979629751048
2024-09-10,218.92,221.48,216.73,220.11,51591033,AAPL,-0.526550300975344,134.0,-0.3611739910266567,-0.5569716721046262,4.90527477843843,0.31688297573665564,0.6324373573276372
2024-09-11,221.455,223.09,217.89,222.66,44587072,AAPL,-0.6745864121537459,38.0,-0.5860361284112386,-0.526550300975344,3.6635616461296463,0.3064698033478226,0.04209797137547754
2024-09-12,222.5,223.55,219.82,222.77,37498225,AAPL,-0.578262020380069,39.0,-0.5931329111697196,-0.6745864121537459,3.6888794541139363,0.28456047757377184,-0.4426145977668085
2024-09-13,223.58,224.04,221.91,222.5,36766619,AAPL,-0.42034548905587965,31.0,-0.5577313071965648,-0.578262020380069,3.4657359027997265,0.2792777662321614,-0.174501212624858
2024-09-16,216.54,217.22,213.92,216.32,59357427,AAPL,-0.7529510356485843,80.0,-0.583852848361511,-0.42034548905587965,4.394449154672439,0.24524537598830334,0.5871795592772486
2024-09-17,215.75,216.9,214.5,216.79,45519339,AAPL,-0.8046512837345535,37.0,-0.6593159361463391,-0.7529510356485843,3.6375861597263857,0.1347633282748889,0.7752069191697187
2024-09-18,217.55,222.71,217.54,220.69,59894928,AAPL,-0.808930562933286,60.0,-0.7888442941054746,-0.8046512837345535,4.110873864173311,0.14914694205247497,0.7249835722230977
2024-09-19,224.99,229.82,224.63,228.87,66781315,AAPL,-0.32471268050945723,52.0,-0.6460981757257654,-0.808930562933286,3.970291913552122,0.19111940651849274,0.8646530136532601
2024-09-20,229.97,233.09,227.62,228.2,318679888,AAPL,-0.6600536448614938,49.0,-0.597898962768079,-0.32471268050945723,3.912023005428146,0.19054994526455457,0.7735240050113292
2024-09-23,227.34,229.45,225.81,226.47,54146023,AAPL,-0.6876777002685949,38.0,-0.5574813418798485,-0.6600536448614938,3.6635616461296463,0.19090745842806062,0.7464566500031219
2024-09-24,228.645,229.35,225.73,227.37,43556068,AAPL,-0.6933147414870884,23.0,-0.6803486955390591,-0.6876777002685949,3.1780538303479458,0.165447057563106,0.6920003034418757
2024-09-25,224.93,227.29,224.02,226.37,42308715,AAPL,-0.36025890542401207,36.0,-0.580417115726565,-0.6933147414870884,3.6109179126442243,0.19833073616482236,0.2214012717991157
2024-09-26,227.3,228.5,225.41,227.52,36636707,AAPL,-0.5301351833802003,26.0,-0.5279029434304335,-0.36025890542401207,3.295836866004329,0.18220550620848822,-0.42864535211676436
2024-09-27,228.46,229.52,227.3,227.79,34025967,AAPL,-0.44974769287639194,45.0,-0.44671392722686804,-0.5301351833802003,3.828641396489095,0.15590642787138725,-0.0346807171484844
2024-09-30,230.04,233.0,229.65,233.0,54793391,AAPL,-0.319166450546338,26.0,-0.4330164422676433,-0.44974769287639194,3.295836866004329,0.15712940368677014,0.4750121259363989
2024-10-01,229.52,229.65,223.74,226.21,63285048,AAPL,-0.7261320277105404,79.0,-0.49834872371109,-0.319166450546338,4.382026634673881,0.16795339636577128,0.5926858248289725
2024-10-02,225.89,227.37,223.02,226.78,32880605,AAPL,-0.6148978055909623,43.0,-0.5533987612826136,-0.7261320277105404,3.784189633918261,0.159170880133256,0.8806405430650327
2024-10-03,225.14,226.805,223.32,225.67,34044158,AAPL,-0.7421971095932854,27.0,-0.6944089809649293,-0.6148978055909623,3.332204510175204,0.16845131798436508,0.9075622304429545
2024-10-04,227.9,228.0,224.13,226.8,37345098,AAPL,-0.756341893363882,54.0,-0.70447893618271,-0.7421971095932854,4.007333185232471,0.1666233889092886,0.9610020800205176
2024-10-07,224.5,225.69,221.33,221.69,39505354,AAPL,-0.7453296813699934,54.0,-0.7479562281090536,-0.756341893363882,4.007333185232471,0.1731946068756867,0.35512029551024915
2024-10-08,224.3,225.98,223.25,225.77,31855693,AAPL,-0.6938474815000187,44.0,-0.731839685411298,-0.7453296813699934,3.8066624897703196,0.15650899812436112,0.3932433898612384
2024-10-09,225.23,229.75,224.83,229.54,33591091,AAPL,-0.7619023647770953,67.0,-0.7336931758823692,-0.6938474815000187,4.219507705176107,0.05160557628693028,-0.254507331746657
2024-10-10,227.78,229.5,227.17,229.04,28183544,AAPL,-0.8026525707621324,57.0,-0.7528008056797487,-0.7619023647770953,4.060443010546419,0.060445566060366954,-0.47800267841916194
2024-10-11,229.3,229.41,227.34,227.55,31759188,AAPL,-0.5510185658931732,18.0,-0.7051911671441337,-0.8026525707621324,2.9444389791664403,0.08191025761896246,-0.05415744022134662
2024-10-14,228.7,231.73,228.6,231.3,39882085,AAPL,-0.6703094708365064,43.0,-0.6746602024972707,-0.5510185658931732,3.784189633918261,0.0834334843177268,-0.24474873202882216
2024-10-15,233.61,237.49,232.37,233.85,64751367,AAPL,-0.5320121421188605,61.0,-0.5844467262828467,-0.6703094708365064,4.127134385045092,0.1039556546111312,0.34154869051929154
2024-10-16,231.6,232.12,229.84,231.78,34082240,AAPL,-0.7571778767545458,71.0,-0.653166496569971,-0.5320121421188605,4.276666119016055,0.1052924362760515,0.15672088054616487
2024-10-17,233.43,233.85,230.52,232.15,32993810,AAPL,-0.5393909963599423,57.0,-0.6095270050777829,-0.7571778767545458,4.060443010546419,0.11767445992424767,-0.03557862545407372
2024-10-18,236.18,236.18,234.01,235.0,46431472,AAPL,0.1488353022507259,35.0,-0.3825778569545874,-0.5393909963599423,3.58351893845611,0.3180622905807368,0.8683839835516044
2024-10-21,234.45,236.85,234.45,236.48,36254470,AAPL,-0.4700420398107717,71.0,-0.28686591130666267,0.1488353022507259,4.276666119016055,0.29434583030808403,0.5311186032353677
2024-10-22,233.885,236.22,232.6,235.86,38846578,AAPL,-0.8719077264821088,27.0,-0.39770482134738483,-0.4700420398107717,3.332204510175204,0.32981200012574036,0.19660711566697373
2024-10-23,234.08,235.144,227.76,230.76,52286979,AAPL,0.0,0.0,-0.4473165887642934,-0.8719077264821088,0.0,0.3755517719448116,-0.3767762974443098
2024-10-24,229.98,230.82,228.41,230.57,31109503,AAPL,-0.6728901366392771,21.0,-0.514932621040462,0.0,3.091042453358316,0.3854689695356687,-0.16637847692496827
2024-10-25,229.74,233.22,229.57,231.41,38802304,AAPL,-0.6834634391354842,71.0,-0.45211785859158704,-0.6728901366392771,4.276666119016055,0.3766416160923065,-0.35216264932905356
2024-10-28,233.32,234.73,232.55,233.4,36087134,AAPL,-0.7470103442668915,85.0,-0.7011213066805508,-0.6834634391354842,4.454347296253507,0.39345621024281613,-0.6069265170193934
2024-10-29,233.1,234.325,232.32,233.67,35417247,AAPL,0.0,0.0,-0.47682459446745856,-0.7470103442668915,0.0,0.3566860318402663,0.10570586455004732
2024-10-30,232.61,233.47,229.55,230.1,47070907,AAPL,0.0,0.0,-0.2490034480889638,0.0,0.0,0.4028119984300743,-0.015114217134427748
2024-10-31,229.34,229.83,225.37,225.91,64370086,AAPL,-0.33550307570501814,43.0,-0.11183435856833934,0.0,3.784189633918261,0.3513700740418645,-0.12071850218057555
2024-11-01,220.965,225.35,220.27,222.91,65276741,AAPL,-0.6096131218745645,113.0,-0.31503873252652753,-0.33550307570501814,4.736198448394496,0.3251958135051558,0.27832890045124253
2024-11-04,220.99,222.79,219.71,222.01,44944468,AAPL,-0.2605957281895173,39.0,-0.4019039752563666,-0.6096131218745645,3.6888794541139363,0.3121071334812557,0.8074247910556877
2024-11-05,221.795,223.95,221.14,223.45,28111338,AAPL,-0.4044635202370438,51.0,-0.42489079010037517,-0.2605957281895173,3.9512437185814275,0.2828294852987731,0.7517007121648693
2024-11-06,222.61,226.065,221.19,222.72,54561121,AAPL,-0.4532100120011498,34.0,-0.3727564201425702,-0.4044635202370438,3.5553480614894135,0.22835201892540918,0.13541689292049025
2024-11-07,224.625,227.875,224.57,227.48,42137691,AAPL,-0.6178472379843394,30.0,-0.49184025674084425,-0.4532100120011498,3.4339872044851463,0.21440795092547643,-0.643174138939637
2024-11-08,227.17,228.66,226.405,226.96,38328824,AAPL,-0.5970210194587707,15.0,-0.5560260898147532,-0.6178472379843394,2.772588722239781,0.14374848624974376,-0.9274071838593623
2024-11-11,225.0,225.7,221.5,224.23,42005602,AAPL,-0.4331666419380589,19.0,-0.5493449664603897,-0.5970210194587707,2.995732273553991,0.1330502463106744,-0.9358650980505155
2024-11-12,224.55,225.59,223.355,224.23,40398299,AAPL,-0.645572525759538,24.0,-0.5585867290521226,-0.4331666419380589,3.2188758248682006,0.13933212519191315,-0.6247337970880429
2024-11-13,224.01,226.65,222.76,225.12,48566217,AAPL,-0.356814361670438,34.0,-0.47851784312267825,-0.645572525759538,3.5553480614894135,0.11602326969352822,-0.4022755378667812
2024-11-14,225.02,228.87,225.0,228.22,44923941,AAPL,-0.4038421241349952,43.0,-0.4687430038549904,-0.356814361670438,3.784189633918261,0.11610978632514078,0.1665414811239952
2024-11-15,226.4,226.92,224.27,225.0,47923696,AAPL,-0.6486236699989864,35.0,-0.46976005193480647,-0.4038421241349952,3.58351893845611,0.12577498798889075,0.4165444878952202
2024-11-18,225.25,229.74,225.17,228.02,44686020,AAPL,-0.3538660122000653,23.0,-0.4687772687780156,-0.6486236699989864,3.1780538303479458,0.13399660022711726,0.686793131536391
2024-11-19,226.98,230.16,226.66,228.28,36211774,AAPL,-0.20841745180743082,28.0,-0.4036357113354942,-0.3538660122000653,3.367295829986474,0.16071786226293716,0.6455142997956985
2024-11-20,228.06,229.93,225.89,229.0,35169566,AAPL,-0.5049911898535651,37.0,-0.35575821795368706,-0.20841745180743082,3.6375861597263857,0.16280407772391295,0.6419479709520262
2024-11-21,228.88,230.155,225.7103,228.52,42108327,AAPL,-0.41189771476719117,36.0,-0.3751021188093957,-0.5049911898535651,3.6109179126442243,0.13697488881780231,0.6304009591948683
2024-11-22,228.06,230.7199,228.06,229.87,38168252,AAPL,-0.6706923526525498,50.0,-0.5291937524244353,-0.41189771476719117,3.9318256327243257,0.16430434198754618,-0.9005415875918608
2024-11-25,231.46,233.245,229.74,232.87,90152832,AAPL,-0.5192896723747253,27.0,-0.5339599132648222,-0.6706923526525498,3.332204510175204,0.1638169037431914,-0.4771057543019632
2024-11-26,233.33,235.57,233.33,235.06,45986189,AAPL,-0.44439265966415403,25.0,-0.5447915615638097,-0.5192896723747253,3.258096538021482,0.1445841570042682,0.15855053138892564
2024-11-27,234.465,235.69,233.8101,234.93,33498439,AAPL,-0.32082059553691317,35.0,-0.4281676425252641,-0.44439265966415403,3.58351893845611,0.14853331472408088,0.45176447854350116
2024-11-29,234.81,237.81,233.97,237.33,28481377,AAPL,-0.48951118243368047,19.0,-0.41824147921158256,-0.32082059553691317,2.995732273553991,0.10790875545452794,0.6947421902462468
2024-12-02,237.27,240.79,237.16,239.59,48137103,AAPL,-0.4772859462376299,29.0,-0.4292059080694078,-0.48951118243368047,3.4011973816621555,0.10735577748937518,-0.09718219684458972
2024-12-03,239.81,242.76,238.9,242.65,38861017,AAPL,-0.1727275979228136,41.0,-0.37984157553137465,-0.4772859462376299,3.7376696182833684,0.15757221700110044,0.5076250959261861
2024-12-04,242.87,244.11,241.25,243.01,44383935,AAPL,-0.6718402206897736,29.0,-0.440617921616739,-0.1727275979228136,3.4011973816621555,0.15785010397262297,-0.15810522366900195
2024-12-05,243.99,244.54,242.13,243.04,40033878,AAPL,-0.3609723381020806,22.0,-0.40184671890488927,-0.6718402206897736,3.1354942159291497,0.15630930104998741,0.19470341462407723
2024-12-06,242.905,244.63,242.08,242.84,36870619,AAPL,-0.390213187094088,27.0,-0.47434191529531405,-0.3609723381020806,3.332204510175204,0.1562213043772609,0.11582447327428676
2024-12-09,241.83,247.24,241.75,246.75,44649232,AAPL,-0.20762007639688604,34.0,-0.31960186719768485,-0.390213187094088,3.5553480614894135,0.1722580820389405,0.3713200257464359
2024-12-10,246.89,248.21,245.34,247.77,36914806,AAPL,-0.3348064217074164,29.0,-0.3108798950661302,-0.20762007639688604,3.4011973816621555,0.1680959295041084,0.5973847556208234
2024-12-11,247.96,250.8,246.2601,246.49,45205814,AAPL,-0.022438777817620173,36.0,-0.18828842530730758,-0.3348064217074164,3.6109179126442243,0.2051748373277392,0.5241321876221914
2024-12-12,246.89,248.74,245.68,247.96,32777532,AAPL,-0.2279387767924819,43.0,-0.19506132543917287,-0.022438777817620173,3.784189633918261,0.20007629178078076,0.3890921162526984
2024-12-13,247.815,249.2902,246.24,248.13,33155290,AAPL,-0.22620565575711868,34.0,-0.1588610701224069,-0.2279387767924819,3.5553480614894135,0.12499433257257166,-0.7129409046315458
2024-12-16,247.99,251.38,247.65,251.04,51694753,AAPL,-0.47353031784296035,40.0,-0.30922491679752034,-0.22620565575711868,3.713572066704308,0.1465907428500265,-0.8942289478068313
2024-12-17,250.08,253.83,249.78,253.48,51356360,AAPL,-0.46829645501242745,27.0,-0.3893441428708355,-0.47353031784296035,3.332204510175204,0.15973625227490254,-0.9264098259367362
2024-12-18,252.16,254.28,247.74,248.05,56774101,AAPL,-0.6122054720208758,42.0,-0.5180107482920878,-0.46829645501242745,3.7612001156935624,0.19779398311087149,-0.34627689858940874
2024-12-19,247.5,252.0,247.0949,249.79,60882264,AAPL,-0.5039465097156731,37.0,-0.5281494789163255,-0.6122054720208758,3.6375861597263857,0.20744631112141979,-0.13724339287105383
2024-12-20,248.04,255.0,245.69,254.49,147495267,AAPL,-0.5255221266012925,13.0,-0.5472247027792805,-0.5039465097156731,2.6390573296152584,0.14911103034860826,0.5815974975638188
2024-12-23,254.77,255.65,253.45,255.27,40858774,AAPL,0.045403921976685524,32.0,-0.3280215714467601,-0.5255221266012925,3.4965075614664802,0.22732870525163829,0.6474118094591791
2024-12-24,255.49,258.21,255.29,258.2,23234705,AAPL,-0.30539335398113027,17.0,-0.26183718620191243,0.045403921976685524,2.8903717578961645,0.2193656867150633,0.6136085366477643
2024-12-26,258.19,260.1,257.63,259.02,27262983,AAPL,-0.06316092279222277,27.0,-0.10771678493222252,-0.30539335398113027,3.332204510175204,0.25093932723441625,0.5748586430966213
2024-12-27,257.83,258.7,253.06,255.59,42355321,AAPL,-0.20009660507951463,28.0,-0.1895502939509559,-0.06316092279222277,3.367295829986474,0.2499103016158954,0.29689557007472306
2024-12-30,252.23,253.5,250.75,252.2,35557542,AAPL,-0.6047533266246319,16.0,-0.2893369514987898,-0.20009660507951463,2.833213344056216,0.24841617696962806,0.5731924896445357
2024-12-31,252.44,253.28,249.43,250.42,39480718,AAPL,-0.2104941341612074,18.0,-0.33844802195511803,-0.6047533266246319,2.9444389791664403,0.23423530134569553,0.4725085157175963
2025-01-02,248.93,249.1,241.8201,243.85,55740731,AAPL,-0.24818231537938118,32.0,-0.3544765920550735,-0.2104941341612074,3.4965075614664802,0.20466818240092313,0.29367345755325003
2025-01-03,243.36,244.18,241.89,243.36,40244114,AAPL,-0.4216753682669471,34.0,-0.29345060593584527,-0.24818231537938118,3.5553480614894135,0.17520125672010683,0.06588923591911983
2025-01-06,244.31,247.33,243.2,245.0,45045571,AAPL,-0.5504711407881516,26.0,-0.40677627481149337,-0.4216753682669471,3.295836866004329,0.2006394968680139,-0.18076201238711273
2025-01-07,242.98,245.55,241.35,242.21,40855960,AAPL,-0.5575840701075161,34.0,-0.509910193054205,-0.5504711407881516,3.5553480614894135,0.17738094789410264,0.6331577766052895
2025-01-08,241.92,243.7123,240.05,242.7,37628940,AAPL,-0.6653718501329422,32.0,-0.5911423536762034,-0.5575840701075161,3.4965075614664802,0.17758349306050605,0.3075992453973762
2025-01-10,240.01,240.16,233.0,236.85,61710856,AAPL,-0.18377737976886607,27.0,-0.46891110000310815,-0.6653718501329422,3.332204510175204,0.19316579742312168,-0.7934595329880071
2025-01-13,233.53,234.67,229.72,234.4,49630725,AAPL,-0.4569272886623036,22.0,-0.4353588395213707,-0.18377737976886607,3.1354942159291497,0.17315044718989944,-0.6446281456718821
2025-01-14,234.75,236.12,232.472,233.28,39435294,AAPL,-0.618187384472953,18.0,-0.41963068430137423,-0.4569272886623036,2.9444389791664403,0.16065686081065328,-0.292734351573949
2025-01-15,234.635,238.96,234.43,237.87,39831969,AAPL,-0.49699898064136505,12.0,-0.5240378845922072,-0.618187384472953,2.5649493574615367,0.1575423673279622,-0.23918055158128546
2025-01-16,237.35,238.01,228.03,228.26,71759052,AAPL,-0.5544536276297136,11.0,-0.5565466642480106,-0.49699898064136505,2.4849066497880004,0.15774442467337424,0.5181513423023912
2025-01-17,232.115,232.29,228.48,229.98,68488301,AAPL,-0.31633483279835095,11.0,-0.45592914702314324,-0.5544536276297136,2.4849066497880004,0.17014586266736828,-0.1400370930082242
2025-01-21,224.0,224.42,219.38,222.64,98070429,AAPL,-0.4448163029220369,18.0,-0.4385349211167005,-0.31633483279835095,2.9444389791664403,0.1468228885374301,-0.2710039168830902
2025-01-22,219.79,224.12,219.79,223.83,64126500,AAPL,-0.3581771708670117,21.0,-0.37310943552913317,-0.4448163029220369,3.091042453358316,0.10525003452494812,-0.2869210737693619
2025-01-23,224.74,227.03,222.3,223.66,60234760,AAPL,-0.26037825809584725,18.0,-0.354457243961632,-0.3581771708670117,2.9444389791664403,0.13053750621874016,-0.17510307095417785
2025-01-24,224.78,225.63,221.41,222.78,54697907,AAPL,-0.26034170564483194,17.0,-0.292965711535897,-0.26037825809584725,2.8903717578961645,0.1164325146537814,0.13550192823111482
2025-01-27,224.02,232.15,223.98,229.86,94863418,AAPL,-0.5083072483539581,11.0,-0.3430090706982125,-0.26034170564483194,2.4849066497880004,0.11831675419632244,-0.669829411303774
2025-01-28,230.85,240.19,230.81,238.26,75707569,AAPL,-0.24049739837646483,15.0,-0.33638211745841834,-0.5083072483539581,2.772588722239781,0.10228951881272828,0.015515886613733142
2025-01-29,234.12,239.855,234.01,239.36,45486100,AAPL,-0.4689615999951082,17.0,-0.40592208224184384,-0.24049739837646483,2.8903717578961645,0.11190474077482992,-0.34763879263162994
2025-01-30,238.665,240.79,237.21,237.59,55658279,AAPL,-0.3090969638692008,18.0,-0.339518654080258,-0.4689615999951082,2.9444389791664403,0.10703182185467201,-0.1117217333248856
2025-01-31,247.19,247.19,233.44,236.0,101075128,AAPL,-0.3868631859620412,30.0,-0.3883072499421168,-0.3090969638692008,3.4339872044851463,0.10822193765811912,0.554050384157744
2025-02-03,229.99,231.83,225.7,228.01,73063301,AAPL,-0.6104322671890259,14.0,-0.435464139006756,-0.3868631859620412,2.70805020110221,0.13791001810916656,0.7459879774809479
2025-02-04,227.25,233.13,226.65,232.8,45067301,AAPL,0.3006828156384555,11.0,-0.23220421250420395,-0.6104322671890259,2.4849066497880004,0.2994768928783878,0.001209680136435707
2025-02-05,228.53,232.67,228.27,232.47,39664989,AAPL,-0.4710061141738185,27.0,-0.26025185524146305,0.3006828156384555,3.332204510175204,0.29582844396153524,0.23272857074167302
2025-02-06,231.285,233.8,230.425,233.22,29925349,AAPL,-0.678375088251554,13.0,-0.2828994622623057,-0.4710061141738185,2.6390573296152584,0.3231464676330748,0.22284117809170237
2025-02-07,232.6,234.0,227.26,227.63,39707224,AAPL,-0.7046343406041463,15.0,-0.6180051810098397,-0.678375088251554,2.772588722239781,0.3460494039522489,0.4672638800034262
2025-02-10,229.57,230.585,227.2,227.65,33115645,AAPL,-0.42761604144023013,13.0,-0.6035418234319768,-0.7046343406041463,2.6390573296152584,0.3432616333669642,0.3565336358093159
2025-02-11,228.2,235.23,228.13,232.62,53718362,AAPL,-0.13180385828018187,25.0,-0.4213514134415195,-0.42761604144023013,3.258096538021482,0.3611148629958187,0.2736408071694566
2025-02-12,231.2,236.96,230.68,236.87,45243292,AAPL,-0.2848860990433466,21.0,-0.28143533292125295,-0.13180385828018187,3.091042453358316,0.3485943857708397,0.4446253187735899
2025-02-13,236.91,242.3399,235.57,241.53,53614054,AAPL,-0.42982824382029083,19.0,-0.2821727337146065,-0.2848860990433466,2.995732273553991,0.20280787578046333,0.3659549285162978
2025-02-14,241.25,245.55,240.99,244.6,40896227,AAPL,-0.7181868751843771,15.0,-0.4776337393493382,-0.42982824382029083,2.772588722239781,0.2277000756554377,-0.5914575736480887
2025-02-18,244.15,245.18,241.84,244.47,48822491,AAPL,-0.46703483495447373,18.0,-0.5383499846530473,-0.7181868751843771,2.9444389791664403,0.21073063299463185,-0.9129353488345548
2025-02-19,244.66,246.01,243.1604,244.87,32204215,AAPL,-0.28875227212905885,25.0,-0.49132466075597003,-0.46703483495447373,3.258096538021482,0.1846441102134389,-0.48142252432030186
2025-02-20,244.94,246.78,244.29,245.83,32316907,AAPL,-0.571842622756958,20.0,-0.44254324328016353,-0.28875227212905885,3.044522437723423,0.1968479302471995,-0.23367499482278276
2025-02-21,245.95,248.69,245.22,245.55,53197431,AAPL,-0.5445864382717345,18.0,-0.46839377771925045,-0.571842622756958,2.9444389791664403,0.15611939398675792,-0.09586978028740448
2025-02-24,244.925,248.86,244.42,247.1,51326396,AAPL,-0.4700538416703542,42.0,-0.5288276342330156,-0.5445864382717345,3.7612001156935624,0.13308800043052704,-0.3465688197124166
2025-02-25,248.0,250.0,244.91,247.04,48013272,AAPL,-0.5399209699209999,34.0,-0.5181870832876964,-0.4700538416703542,3.5553480614894135,0.13007574627980503,-0.4966617091906326
2025-02-26,244.33,244.98,239.13,240.36,44433564,AAPL,-0.7238913161887063,18.0,-0.5779553759266869,-0.5399209699209999,2.9444389791664403,0.13157492101953533,0.9558086110375169
2025-02-27,239.41,242.46,237.06,237.3,41153639,AAPL,-0.6928516763907212,13.0,-0.6522213208334758,-0.7238913161887063,2.6390573296152584,0.14482618468344463,0.9154757417238865
2025-02-28,236.95,242.09,230.2,241.84,56833360,AAPL,-0.5865790657699108,16.0,-0.6677740194497795,-0.6928516763907212,2.833213344056216,0.08926002841555353,0.8901779235930487
2025-03-03,241.79,244.0272,236.112,238.03,47183985,AAPL,-0.2739610629422324,14.0,-0.5177972683676215,-0.5865790657699108,2.70805020110221,0.14980849235852065,-0.056259133486181126
2025-03-04,237.705,240.07,234.68,235.93,53798062,AAPL,-0.48501862977680404,19.0,-0.4485195861629825,-0.2739610629422324,2.995732273553991,0.15167557333869006,-0.3280216135688085
2025-03-05,235.42,236.55,229.23,235.74,47227643,AAPL,-0.040542490780353546,12.0,-0.2665073944997967,-0.48501862977680404,2.5649493574615367,0.24334342289591257,-0.4518645979720069
2025-03-06,234.435,237.86,233.1581,235.33,45170419,AAPL,0.07957198719183604,12.0,-0.14866304445510722,-0.040542490780353546,2.5649493574615367,0.318054342516518,-0.7158207293904277
2025-03-07,235.105,241.37,234.76,239.07,46273565,AAPL,-0.5724978513187833,9.0,-0.1778227849691003,0.07957198719183604,2.302585092994046,0.2958626229526693,-0.6909925259879879
2025-03-10,235.54,236.16,224.22,227.48,71451281,AAPL,-0.7851803872896277,23.0,-0.42603541713885834,-0.5724978513187833,3.1780538303479458,0.31427427807612823,0.41137429300351225
2025-03-11,223.805,225.8399,217.45,220.84,76137410,AAPL,-0.8353629959257025,19.0,-0.7310137448447046,-0.7851803872896277,2.995732273553991,0.35311695049814346,0.6571029573775512
2025-03-12,220.14,221.75,214.91,216.98,62547467,AAPL,-0.49431265890598297,22.0,-0.7049520140404377,-0.8353629959257025,3.1354942159291497,0.3481159949121108,0.4344923420945733
2025-03-13,215.95,216.8394,208.42,209.68,61368330,AAPL,-0.2516606096868162,27.0,-0.5271120881728338,-0.49431265890598297,3.332204510175204,0.3550424103268943,-0.4897316893562505
2025-03-14,211.25,213.95,209.58,213.49,60107582,AAPL,-0.4675007242905466,19.0,-0.4044913309611153,-0.2516606096868162,2.995732273553991,0.31449389056661875,-0.9004662229263612
2025-03-17,213.31,215.22,209.97,214.0,48073426,AAPL,-0.658374582018171,7.0,-0.459178638665178,-0.4675007242905466,2.0794415416798357,0.20054503039630642,-0.8648757347994733
2025-03-18,214.16,215.15,211.49,212.69,42432426,AAPL,-0.32049006765538995,11.0,-0.4821217913213693,-0.658374582018171,2.4849066497880004,0.22356151083911777,-0.6672191685642294
2025-03-19,214.22,218.76,213.75,215.24,54385391,AAPL,-0.05142919884787665,18.0,-0.34343128284047925,-0.32049006765538995,2.9444389791664403,0.26091091098716823,-0.01722816739678812
2025-03-20,213.99,217.4899,212.22,214.1,48862947,AAPL,-0.5535856173152015,21.0,-0.3085016279394894,-0.05142919884787665,3.091042453358316,0.20559839443574499,0.389285341648511
2025-03-21,211.56,218.84,211.28,218.27,94127768,AAPL,-0.4688458554446697,24.0,-0.35795355720258265,-0.5535856173152015,3.2188758248682006,0.20386154000258688,0.03221288150776691
2025-03-24,221.0,221.48,218.58,220.73,44299483,AAPL,-0.4528067390124003,45.0,-0.49174607059075726,-0.4688458554446697,3.828641396489095,0.1940690849654371,-0.2632872786208728
2025-03-25,220.77,224.1,220.08,223.75,34493583,AAPL,-0.5609960774580638,30.0,-0.49421622397171133,-0.4528067390124003,3.4339872044851463,0.2006112581479189,-0.4252582400362287
2025-03-26,223.51,225.02,220.47,221.53,34532656,AAPL,-0.5794935413769313,35.0,-0.5310987859491318,-0.5609960774580638,3.58351893845611,0.1879927931824852,-0.10681689875182562
2025-03-27,221.39,224.99,220.5601,223.85,37094774,AAPL,-0.5961009689739772,28.0,-0.5788635292696576,-0.5794935413769313,3.367295829986474,0.19085484242907175,-0.7867974960564703
2025-03-28,221.67,223.81,217.68,217.9,39818617,AAPL,-0.535090908408165,24.0,-0.5702284729196913,-0.5961009689739772,3.2188758248682006,0.05456770967886312,-0.47743539168531596
2025-03-31,217.005,225.62,216.23,222.13,65299321,AAPL,-0.6004165874587165,36.0,-0.5772028216136196,-0.535090908408165,3.6109179126442243,0.059806246156055023,-0.6868982423344346
2025-04-01,219.805,223.68,218.9,223.19,36412740,AAPL,-0.30417822258813043,35.0,-0.479895239485004,-0.6004165874587165,3.58351893845611,0.10706931446006375,0.16483735136434796
2025-04-02,221.315,225.19,221.02,223.89,35905904,AAPL,-0.3688956737518311,25.0,-0.42449682793289273,-0.30417822258813043,3.258096538021482,0.11960561265532045,0.3046398774793438
2025-04-03,205.54,207.49,201.25,203.19,103419006,AAPL,-0.7720495210960507,32.0,-0.4817078058120041,-0.3688956737518311,3.4965075614664802,0.15654400656187872,0.8390642686958113
2025-04-04,193.89,199.88,187.34,188.38,125910913,AAPL,-0.6668826283947114,62.0,-0.6026092744141978,-0.7720495210960507,4.143134726391533,0.16384863420941304,0.7216187478090488
2025-04-07,177.2,194.15,174.62,181.46,160466286,AAPL,-0.6796714098289095,58.0,-0.7062011864398906,-0.6668826283947114,4.07753744390572,0.17074463187509112,0.8187428291415584
2025-04-08,186.7,190.335,169.2101,172.42,120859491,AAPL,-0.528045029743858,46.0,-0.6248663559891597,-0.6796714098289095,3.8501476017100584,0.17094365796554256,0.4049450208821379
2025-04-09,171.95,200.61,171.89,198.85,184395885,AAPL,-0.2157414840615314,23.0,-0.4744859745447663,-0.528045029743858,3.1780538303479458,0.21255855628424591,0.07429846953058927
2025-04-10,189.065,194.7799,183.0,190.42,121879981,AAPL,-0.5843421801140434,57.0,-0.442709564639811,-0.2157414840615314,4.060443010546419,0.19399414708783558,0.550485154701703
2025-04-11,186.1,199.54,186.06,198.15,87435915,AAPL,-0.4044196966447328,38.0,-0.40150112027343593,-0.5843421801140434,3.6635616461296463,0.1890175520302287,0.6705449203770155
2025-04-14,211.44,212.94,201.1621,202.52,101352911,AAPL,-0.03268897107669285,77.0,-0.34048361594515636,-0.4044196966447328,4.356708826689592,0.2431804657349312,0.7084148742276027
2025-04-15,201.855,203.51,199.8,202.14,51343872,AAPL,-0.12546236271207983,44.0,-0.18752367681116855,-0.03268897107669285,3.8066624897703196,0.24675221493126162,0.9447329924056292
2025-04-16,198.36,200.7,192.37,194.27,59732423,AAPL,-0.8147873772042138,28.0,-0.32431290366432886,-0.12546236271207983,3.367295829986474,0.2785106460227755,0.8604085997192111
2025-04-17,197.2,198.8335,194.42,196.98,52164675,AAPL,-0.468036032956222,29.0,-0.46942859095750517,-0.8147873772042138,3.4011973816621555,0.274319627383635,0.988154599492919
2025-04-21,193.265,193.8,189.8112,193.16,46742537,AAPL,-0.7371817166740829,37.0,-0.6733350422781729,-0.468036032956222,3.6375861597263857,0.29309444885947633,0.9823561332809417
2025-04-22,196.12,201.59,195.97,199.74,52976371,AAPL,-0.28023212868720293,32.0,-0.49514995943916934,-0.7371817166740829,3.4965075614664802,0.2928189453978377,0.9766378093700054
2025-04-23,206.0,208.0,202.799,204.6,52929165,AAPL,-0.5866390175289578,45.0,-0.5346842876300812,-0.28023212868720293,3.828641396489095,0.3003494685804412,0.5100574365869941
2025-04-24,204.89,208.8299,202.94,208.37,47310989,AAPL,-0.5170442692695125,31.0,-0.4613051384952245,-0.5866390175289578,3.4657359027997265,0.2424244912670818,0.24251366413358677
2025-04-25,206.365,209.75,206.2,209.28,38222258,AAPL,-0.4063339949922359,47.0,-0.5033390939302355,-0.5170442692695125,3.871201010907891,0.1859591772280377,0.42555662264400407
2025-04-28,210.0,211.5,207.46,210.14,38743074,AAPL,0.0,0.0,-0.30779275475391615,-0.4063339949922359,0.0,0.2365657613428197,0.19628366436041805
2025-04-29,208.693,212.24,208.37,211.21,36827633,AAPL,-0.5129882616381491,31.0,-0.3064407522101284,0.0,3.4657359027997265,0.23843882828652865,0.4590471949867579
2025-04-30,209.3,213.58,206.6705,212.5,52286454,AAPL,-0.6827767276101642,36.0,-0.39858832974943786,-0.5129882616381491,3.6109179126442243,0.2275609516458514,-0.3351809190050481
2025-05-01,209.08,214.56,208.9,213.32,57365675,AAPL,-0.4125208206971486,75.0,-0.5360952699818207,-0.6827767276101642,4.330733340286331,0.21870282818452283,-0.4841551465119895
2025-05-02,206.09,206.99,202.16,205.35,101010621,AAPL,-0.39053482728845934,85.0,-0.4952774585319241,-0.4125208206971486,4.454347296253507,0.2099927146946171,-0.27781420586560507
2025-05-05,203.1,204.1,198.21,198.89,69018452,AAPL,0.0,0.0,-0.26768521599520273,-0.39053482728845934,0.0,0.2551939351111077,-0.8761867845249376
2025-05-06,198.21,200.65,197.02,198.51,51216482,AAPL,0.0,0.0,-0.13017827576281982,0.0,0.0,0.28321871602202664,-0.9096436990984932
2025-05-07,199.17,199.44,193.25,196.25,68616943,AAPL,0.0,0.0,0.0,0.0,0.0,0.28321871602202664,-0.9162688247944645
2025-05-08,197.72,200.05,194.6796,197.49,49072967,AAPL,0.0,0.0,0.0,0.0,0.0,0.2809179986194446,-0.9571610075663307
